{
    "species": "Rb",
    "n": 60,
    "l": 0,
    "j": 0.5,
    "m": 0.5,
    "delta_n": 4,
    "delta_l": 4,
    "delta_energy_in_GHz": 25,
    "energy_range_in_GHz": 2.5,
    "distances_in_um": [
        1.0,
        1.0909090909090908,
        1.1818181818181819,
        1.2727272727272727,
        1.3636363636363638,
        1.4545454545454546,
        1.5454545454545454,
        1.6363636363636362,
        1.7272727272727273,
        1.8181818181818183,
        1.9090909090909092,
        2.0,
        2.090909090909091,
        2.1818181818181817,
        2.2727272727272725,
        2.3636363636363638,
        2.4545454545454546,
        2.5454545454545454,
        2.6363636363636367,
        2.7272727272727275,
        2.8181818181818183,
        2.909090909090909,
        3.0,
        3.090909090909091,
        3.1818181818181817,
        3.272727272727273,
        3.3636363636363638,
        3.4545454545454546,
        3.5454545454545454,
        3.6363636363636362,
        3.7272727272727275,
        3.8181818181818183,
        3.909090909090909,
        4.0,
        4.090909090909091,
        4.181818181818182,
        4.272727272727273,
        4.363636363636363,
        4.454545454545455,
        4.545454545454545,
        4.636363636363637,
        4.7272727272727275,
        4.818181818181818,
        4.909090909090909,
        5.0,
        5.090909090909091,
        5.181818181818182,
        5.2727272727272725,
        5.363636363636363,
        5.454545454545455,
        5.545454545454546,
        5.636363636363637,
        5.7272727272727275,
        5.818181818181818,
        5.909090909090909,
        6.0,
        6.090909090909091,
        6.181818181818182,
        6.2727272727272725,
        6.363636363636364,
        6.454545454545455,
        6.545454545454546,
        6.636363636363637,
        6.7272727272727275,
        6.818181818181818,
        6.909090909090909,
        7.0,
        7.090909090909091,
        7.181818181818182,
        7.2727272727272725,
        7.363636363636364,
        7.454545454545455,
        7.545454545454546,
        7.636363636363637,
        7.7272727272727275,
        7.818181818181818,
        7.909090909090909,
        8.0,
        8.09090909090909,
        8.181818181818182,
        8.272727272727273,
        8.363636363636363,
        8.454545454545455,
        8.545454545454547,
        8.636363636363637,
        8.727272727272727,
        8.818181818181818,
        8.90909090909091,
        9.0,
        9.090909090909092,
        9.181818181818182,
        9.272727272727273,
        9.363636363636363,
        9.454545454545455,
        9.545454545454545,
        9.636363636363637,
        9.727272727272727,
        9.818181818181818,
        9.90909090909091,
        10.0
    ],
    "order": 3,
    "download_missing": false,
    "diagonalizer": "lapacke_evr"
}